alias adam Adam Williamson <awilliam@redhat.com>
alias autoqa-devel autoqa-devel@list <autoqa-devel@lists.fedorahosted.org>
alias ben Ben Levenson <benl@redhat.com>
alias grace Grace Liu <yal@redhat.com>
alias hongqing Hongqing Yang <hoyang@redhat.com>
alias irina Irina Zuo <yzuo@redhat.com>
alias jlaska James Laska <jlaska@redhat.com>
alias kamil Kamil Paral <kparal@redhat.com>
alias tim Tim Flink <tflink@redhat.com>
alias wutao wutao <fedosu85@gmail.com>
alias xiaoliangli xiaoliangli04409 <xiaoliangli04409@gmail.com>
alias zhaoyan zhaoyan <zhaoyan@ciic.com.cn>
alias brian Brian C. Lane <bcl@redhat.com>
alias tao Tao Wu <twu@redhat.com>
alias xiaoli xiaoli <xtian@redhat.com>
alias hangbin Hangbin Liu <haliu@redhat.com>
alias huodong@ciic.com.cn huodong@ciic.com.cn <huodong@ciic.com.cn>
alias hlliu hlliu <hlliu@corp.netease.com>
alias zupeng Zupeng Wang <zuwang@redhat.com>
alias miao Miao Zeng <mzeng@redhat.com>
alias wei Wei Chang <wchang@redhat.com>
alias hoho HoHo Zhao <hzhao@redhat.com>
alias jboss JBOSS - I - NAY <jboss-i-nay@redhat.com>
alias weiping Weiping Pan <wpan@redhat.com>
alias sarah Sarah Liang <sliang@redhat.com>
alias mermaid Mermaid Shang <jshang@redhat.com>
alias cai CAI Qian <caiqian@redhat.com>
alias yu Yu Shao <yshao@redhat.com>
alias máirín Máirín Duffy <duffy@redhat.com>
alias docspace Docspace Administrator <no-reply@redhat.com>
alias david David Kovalsky <dkovalsk@redhat.com>
alias qian Qian Cai <qcai@redhat.com>
alias spike Spike White <spikewhitetx@gmail.com>
alias ian Ian Kelly <ian.g.kelly@gmail.com>
alias =?gb18030?b?4+vcug==?= =?gb18030?B?4+vCug==?= <50123758@qq.com>
alias yan Yan <zhangyan@linux.vnet.ibm.com>
alias baidu baidu <passport@baidu.com>
alias wenyi Wenyi Gao <wenyi@linux.vnet.ibm.com>
